﻿<?xml version="1.0" encoding="utf-8"?><ArrayOfDockingParams xmlns:xsi="http://www.w3.org/2001/XMLSchema-instance" xmlns:xsd="http://www.w3.org/2001/XMLSchema"><DockingParams><PreviousFloatingWindowRect>-1095,500,320,940</PreviousFloatingWindowRect><FloatWindowState>Normal</FloatWindowState><ZorderInFloatMode>0</ZorderInFloatMode><TabOrderIndex>-1</TabOrderIndex><PreviousContainerDesiredSize><Width>2069</Width><Height>0</Height></PreviousContainerDesiredSize><PreviousDesiredWidthInDockedMode>2069</PreviousDesiredWidthInDockedMode><PreviousDesiredHeightInDockedMode>315</PreviousDesiredHeightInDockedMode><Name>LogViewModel</Name><ShowTopmostMenuItem>false</ShowTopmostMenuItem><TopMost>false</TopMost><State>Dock</State><NoHeader>false</NoHeader><SideDocked>Bottom</SideDocked><SideFloating>Left</SideFloating><TargetDocked /><TargetFloating /><DesiredWidthInDockedMode>2544</DesiredWidthInDockedMode><DesiredHeightInDockedMode>315</DesiredHeightInDockedMode><DesiredWidthInFloatingMode>90</DesiredWidthInFloatingMode><DesiredHeightInFloatingMode>90</DesiredHeightInFloatingMode><NoDock>false</NoDock><CanDock>true</CanDock><CanClose>true</CanClose><IsSelectedTab>true</IsSelectedTab><IsActiveWindow>false</IsActiveWindow><CanSerialize>true</CanSerialize><WindowRect>-1095,500,320,940</WindowRect><TabGroupName /><IsTabGroupOwner>false</IsTabGroupOwner><SideTabOrder>0</SideTabOrder><IndexInDockMode>7</IndexInDockMode><IndexInFloatMode>13</IndexInFloatMode><TabOrderInDockMode>0</TabOrderInDockMode><TabOrderInFloatMode>0</TabOrderInFloatMode><MDIBounds>0,0,124,50</MDIBounds><TDIIndex>-1</TDIIndex><IsSelected>false</IsSelected><MDIMinimizedBounds>0,0,124,24</MDIMinimizedBounds><MDIWindowState>Normal</MDIWindowState><AllowMDIResize>true</AllowMDIResize><TDIGroupOrientation>Horizontal</TDIGroupOrientation><WayOfTDIGroup /><DockForSide>Left</DockForSide><PreviousIndexInDockMode>0</PreviousIndexInDockMode><PreviousSideInDockMode>Left</PreviousSideInDockMode><DoShift>false</DoShift><SideRelativetoContainer>Bottom</SideRelativetoContainer><TabParent /><DockWindowState>Normal</DockWindowState><CanMaximize>true</CanMaximize><CanMinimize>true</CanMinimize><CanResizeInDockedState>true</CanResizeInDockedState><CanResizeHeightInDockedState>true</CanResizeHeightInDockedState><CanResizeWidthInDockedState>true</CanResizeWidthInDockedState><CanResizeInFloatState>true</CanResizeInFloatState><CanResizeHeightInFloatState>true</CanResizeHeightInFloatState><CanResizeWidthInFloatState>true</CanResizeWidthInFloatState><CanFloatMaximize>false</CanFloatMaximize><CanMinimizeFloat>false</CanMinimizeFloat><IsFixedSize>false</IsFixedSize><IsFixedHeight>false</IsFixedHeight><IsFixedWidth>false</IsFixedWidth><FixedHeight>0</FixedHeight><FixedWidth>0</FixedWidth><ContainerSize><Width>2544</Width><Height>973</Height></ContainerSize><PreviousHostWidth>90</PreviousHostWidth><PreviousHostHeight>90</PreviousHostHeight><PreviousContainerHeight>90</PreviousContainerHeight><PreviousContainerWidth>90</PreviousContainerWidth><TargetAutoHide /><SplitPanelOffset>0</SplitPanelOffset><IsSwapped>false</IsSwapped><IsPinned>false</IsPinned><ShowPin>false</ShowPin><AllowPin>false</AllowPin></DockingParams><DockingParams><PreviousFloatingWindowRect>-1876,755,1528,353</PreviousFloatingWindowRect><FloatWindowState>Normal</FloatWindowState><ZorderInFloatMode>0</ZorderInFloatMode><TabOrderIndex>-1</TabOrderIndex><PreviousContainerDesiredSize><Width>470</Width><Height>973</Height></PreviousContainerDesiredSize><PreviousDesiredWidthInDockedMode>470</PreviousDesiredWidthInDockedMode><PreviousDesiredHeightInDockedMode>646</PreviousDesiredHeightInDockedMode><Name>ProjectExplorerViewModel</Name><ShowTopmostMenuItem>false</ShowTopmostMenuItem><TopMost>false</TopMost><State>Dock</State><NoHeader>false</NoHeader><SideDocked>Top</SideDocked><SideFloating>Left</SideFloating><TargetDocked>PropertiesViewModel</TargetDocked><TargetFloating /><DesiredWidthInDockedMode>470</DesiredWidthInDockedMode><DesiredHeightInDockedMode>432</DesiredHeightInDockedMode><DesiredWidthInFloatingMode>90</DesiredWidthInFloatingMode><DesiredHeightInFloatingMode>90</DesiredHeightInFloatingMode><NoDock>false</NoDock><CanDock>true</CanDock><CanClose>true</CanClose><IsSelectedTab>true</IsSelectedTab><IsActiveWindow>true</IsActiveWindow><CanSerialize>true</CanSerialize><WindowRect>-1876,755,1528,353</WindowRect><TabGroupName /><IsTabGroupOwner>false</IsTabGroupOwner><SideTabOrder>0</SideTabOrder><IndexInDockMode>7</IndexInDockMode><IndexInFloatMode>12</IndexInFloatMode><TabOrderInDockMode>0</TabOrderInDockMode><TabOrderInFloatMode>0</TabOrderInFloatMode><MDIBounds>0,0,124,50</MDIBounds><TDIIndex>-1</TDIIndex><IsSelected>false</IsSelected><MDIMinimizedBounds>0,0,124,24</MDIMinimizedBounds><MDIWindowState>Normal</MDIWindowState><AllowMDIResize>true</AllowMDIResize><TDIGroupOrientation>Horizontal</TDIGroupOrientation><WayOfTDIGroup /><DockForSide>Left</DockForSide><PreviousIndexInDockMode>0</PreviousIndexInDockMode><PreviousSideInDockMode>Left</PreviousSideInDockMode><DoShift>false</DoShift><SideRelativetoContainer>Top</SideRelativetoContainer><TabParent /><DockWindowState>Normal</DockWindowState><CanMaximize>true</CanMaximize><CanMinimize>true</CanMinimize><CanResizeInDockedState>true</CanResizeInDockedState><CanResizeHeightInDockedState>true</CanResizeHeightInDockedState><CanResizeWidthInDockedState>true</CanResizeWidthInDockedState><CanResizeInFloatState>true</CanResizeInFloatState><CanResizeHeightInFloatState>true</CanResizeHeightInFloatState><CanResizeWidthInFloatState>true</CanResizeWidthInFloatState><CanFloatMaximize>false</CanFloatMaximize><CanMinimizeFloat>false</CanMinimizeFloat><IsFixedSize>false</IsFixedSize><IsFixedHeight>false</IsFixedHeight><IsFixedWidth>false</IsFixedWidth><FixedHeight>0</FixedHeight><FixedWidth>0</FixedWidth><ContainerSize><Width>470</Width><Height>653</Height></ContainerSize><PreviousHostWidth>90</PreviousHostWidth><PreviousHostHeight>90</PreviousHostHeight><PreviousContainerHeight>90</PreviousContainerHeight><PreviousContainerWidth>90</PreviousContainerWidth><TargetAutoHide /><SplitPanelOffset>0</SplitPanelOffset><IsSwapped>false</IsSwapped><IsPinned>false</IsPinned><ShowPin>false</ShowPin><AllowPin>false</AllowPin></DockingParams><DockingParams><PreviousFloatingWindowRect>-2024,806,1884,90</PreviousFloatingWindowRect><FloatWindowState>Normal</FloatWindowState><ZorderInFloatMode>0</ZorderInFloatMode><TabOrderIndex>-1</TabOrderIndex><PreviousContainerDesiredSize><Width>470</Width><Height>973</Height></PreviousContainerDesiredSize><PreviousDesiredWidthInDockedMode>470</PreviousDesiredWidthInDockedMode><PreviousDesiredHeightInDockedMode>322</PreviousDesiredHeightInDockedMode><Name>PropertiesViewModel</Name><ShowTopmostMenuItem>false</ShowTopmostMenuItem><TopMost>false</TopMost><State>Dock</State><NoHeader>false</NoHeader><SideDocked>Left</SideDocked><SideFloating>Left</SideFloating><TargetDocked /><TargetFloating /><DesiredWidthInDockedMode>470</DesiredWidthInDockedMode><DesiredHeightInDockedMode>216</DesiredHeightInDockedMode><DesiredWidthInFloatingMode>90</DesiredWidthInFloatingMode><DesiredHeightInFloatingMode>90</DesiredHeightInFloatingMode><NoDock>false</NoDock><CanDock>true</CanDock><CanClose>true</CanClose><IsSelectedTab>true</IsSelectedTab><IsActiveWindow>false</IsActiveWindow><CanSerialize>true</CanSerialize><WindowRect>-2024,806,1884,90</WindowRect><TabGroupName /><IsTabGroupOwner>false</IsTabGroupOwner><SideTabOrder>0</SideTabOrder><IndexInDockMode>7</IndexInDockMode><IndexInFloatMode>12</IndexInFloatMode><TabOrderInDockMode>0</TabOrderInDockMode><TabOrderInFloatMode>0</TabOrderInFloatMode><MDIBounds>0,0,124,50</MDIBounds><TDIIndex>-1</TDIIndex><IsSelected>false</IsSelected><MDIMinimizedBounds>0,0,124,24</MDIMinimizedBounds><MDIWindowState>Normal</MDIWindowState><AllowMDIResize>true</AllowMDIResize><TDIGroupOrientation>Horizontal</TDIGroupOrientation><WayOfTDIGroup /><DockForSide>Left</DockForSide><PreviousIndexInDockMode>0</PreviousIndexInDockMode><PreviousSideInDockMode>Left</PreviousSideInDockMode><DoShift>false</DoShift><SideRelativetoContainer>Left</SideRelativetoContainer><TabParent /><DockWindowState>Normal</DockWindowState><CanMaximize>true</CanMaximize><CanMinimize>true</CanMinimize><CanResizeInDockedState>true</CanResizeInDockedState><CanResizeHeightInDockedState>true</CanResizeHeightInDockedState><CanResizeWidthInDockedState>true</CanResizeWidthInDockedState><CanResizeInFloatState>true</CanResizeInFloatState><CanResizeHeightInFloatState>true</CanResizeHeightInFloatState><CanResizeWidthInFloatState>true</CanResizeWidthInFloatState><CanFloatMaximize>false</CanFloatMaximize><CanMinimizeFloat>false</CanMinimizeFloat><IsFixedSize>false</IsFixedSize><IsFixedHeight>false</IsFixedHeight><IsFixedWidth>false</IsFixedWidth><FixedHeight>0</FixedHeight><FixedWidth>0</FixedWidth><ContainerSize><Width>470</Width><Height>653</Height></ContainerSize><PreviousHostWidth>90</PreviousHostWidth><PreviousHostHeight>90</PreviousHostHeight><PreviousContainerHeight>90</PreviousContainerHeight><PreviousContainerWidth>90</PreviousContainerWidth><TargetAutoHide /><SplitPanelOffset>0</SplitPanelOffset><IsSwapped>false</IsSwapped><IsPinned>false</IsPinned><ShowPin>false</ShowPin><AllowPin>false</AllowPin></DockingParams><DockingParams><PreviousFloatingWindowRect>-178,729,763,711</PreviousFloatingWindowRect><FloatWindowState>Normal</FloatWindowState><ZorderInFloatMode>0</ZorderInFloatMode><TabOrderIndex>-1</TabOrderIndex><PreviousContainerDesiredSize><Width>0</Width><Height>0</Height></PreviousContainerDesiredSize><PreviousDesiredWidthInDockedMode>0</PreviousDesiredWidthInDockedMode><PreviousDesiredHeightInDockedMode>0</PreviousDesiredHeightInDockedMode><Name>AssetBrowserViewModel</Name><ShowTopmostMenuItem>false</ShowTopmostMenuItem><TopMost>false</TopMost><State>AutoHidden</State><NoHeader>false</NoHeader><SideDocked>Right</SideDocked><SideFloating>Left</SideFloating><TargetDocked /><TargetFloating /><DesiredWidthInDockedMode>763</DesiredWidthInDockedMode><DesiredHeightInDockedMode>90</DesiredHeightInDockedMode><DesiredWidthInFloatingMode>90</DesiredWidthInFloatingMode><DesiredHeightInFloatingMode>90</DesiredHeightInFloatingMode><NoDock>false</NoDock><CanDock>true</CanDock><CanClose>true</CanClose><IsSelectedTab>true</IsSelectedTab><IsActiveWindow>false</IsActiveWindow><CanSerialize>true</CanSerialize><WindowRect>-178,729,763,711</WindowRect><TabGroupName>12864006</TabGroupName><IsTabGroupOwner>true</IsTabGroupOwner><SideTabOrder>7168</SideTabOrder><IndexInDockMode>1</IndexInDockMode><IndexInFloatMode>12</IndexInFloatMode><TabOrderInDockMode>0</TabOrderInDockMode><TabOrderInFloatMode>0</TabOrderInFloatMode><MDIBounds>0,0,124,50</MDIBounds><TDIIndex>-1</TDIIndex><IsSelected>false</IsSelected><MDIMinimizedBounds>0,0,124,24</MDIMinimizedBounds><MDIWindowState>Normal</MDIWindowState><AllowMDIResize>true</AllowMDIResize><TDIGroupOrientation>Horizontal</TDIGroupOrientation><WayOfTDIGroup /><DockForSide>Right</DockForSide><PreviousIndexInDockMode>0</PreviousIndexInDockMode><PreviousSideInDockMode>Left</PreviousSideInDockMode><DoShift>false</DoShift><SideRelativetoContainer>Right</SideRelativetoContainer><TabParent /><DockWindowState>Normal</DockWindowState><CanMaximize>true</CanMaximize><CanMinimize>true</CanMinimize><CanResizeInDockedState>true</CanResizeInDockedState><CanResizeHeightInDockedState>true</CanResizeHeightInDockedState><CanResizeWidthInDockedState>true</CanResizeWidthInDockedState><CanResizeInFloatState>true</CanResizeInFloatState><CanResizeHeightInFloatState>true</CanResizeHeightInFloatState><CanResizeWidthInFloatState>true</CanResizeWidthInFloatState><CanFloatMaximize>false</CanFloatMaximize><CanMinimizeFloat>false</CanMinimizeFloat><IsFixedSize>false</IsFixedSize><IsFixedHeight>false</IsFixedHeight><IsFixedWidth>false</IsFixedWidth><FixedHeight>0</FixedHeight><FixedWidth>0</FixedWidth><ContainerSize><Width>0</Width><Height>0</Height></ContainerSize><PreviousHostWidth>90</PreviousHostWidth><PreviousHostHeight>90</PreviousHostHeight><PreviousContainerHeight>90</PreviousContainerHeight><PreviousContainerWidth>90</PreviousContainerWidth><TargetAutoHide /><SplitPanelOffset>0</SplitPanelOffset><IsSwapped>false</IsSwapped><IsPinned>false</IsPinned><ShowPin>false</ShowPin><AllowPin>false</AllowPin></DockingParams><DockingParams><PreviousFloatingWindowRect>930,355,235,914</PreviousFloatingWindowRect><FloatWindowState>Normal</FloatWindowState><ZorderInFloatMode>0</ZorderInFloatMode><TabOrderIndex>-1</TabOrderIndex><PreviousContainerDesiredSize><Width>0</Width><Height>0</Height></PreviousContainerDesiredSize><PreviousDesiredWidthInDockedMode>0</PreviousDesiredWidthInDockedMode><PreviousDesiredHeightInDockedMode>0</PreviousDesiredHeightInDockedMode><Name>TweakBrowserViewModel</Name><ShowTopmostMenuItem>false</ShowTopmostMenuItem><TopMost>false</TopMost><State>AutoHidden</State><NoHeader>false</NoHeader><SideDocked>Right</SideDocked><SideFloating>Left</SideFloating><TargetDocked /><TargetFloating /><DesiredWidthInDockedMode>235</DesiredWidthInDockedMode><DesiredHeightInDockedMode>90</DesiredHeightInDockedMode><DesiredWidthInFloatingMode>90</DesiredWidthInFloatingMode><DesiredHeightInFloatingMode>90</DesiredHeightInFloatingMode><NoDock>false</NoDock><CanDock>true</CanDock><CanClose>true</CanClose><IsSelectedTab>true</IsSelectedTab><IsActiveWindow>false</IsActiveWindow><CanSerialize>true</CanSerialize><WindowRect>930,355,235,914</WindowRect><TabGroupName>48667192</TabGroupName><IsTabGroupOwner>true</IsTabGroupOwner><SideTabOrder>5120</SideTabOrder><IndexInDockMode>5</IndexInDockMode><IndexInFloatMode>12</IndexInFloatMode><TabOrderInDockMode>0</TabOrderInDockMode><TabOrderInFloatMode>0</TabOrderInFloatMode><MDIBounds>0,0,124,50</MDIBounds><TDIIndex>-1</TDIIndex><IsSelected>false</IsSelected><MDIMinimizedBounds>0,0,124,24</MDIMinimizedBounds><MDIWindowState>Normal</MDIWindowState><AllowMDIResize>true</AllowMDIResize><TDIGroupOrientation>Horizontal</TDIGroupOrientation><WayOfTDIGroup /><DockForSide>Right</DockForSide><PreviousIndexInDockMode>5</PreviousIndexInDockMode><PreviousSideInDockMode>Left</PreviousSideInDockMode><DoShift>false</DoShift><SideRelativetoContainer>Right</SideRelativetoContainer><TabParent /><DockWindowState>Normal</DockWindowState><CanMaximize>true</CanMaximize><CanMinimize>true</CanMinimize><CanResizeInDockedState>true</CanResizeInDockedState><CanResizeHeightInDockedState>true</CanResizeHeightInDockedState><CanResizeWidthInDockedState>true</CanResizeWidthInDockedState><CanResizeInFloatState>true</CanResizeInFloatState><CanResizeHeightInFloatState>true</CanResizeHeightInFloatState><CanResizeWidthInFloatState>true</CanResizeWidthInFloatState><CanFloatMaximize>false</CanFloatMaximize><CanMinimizeFloat>false</CanMinimizeFloat><IsFixedSize>false</IsFixedSize><IsFixedHeight>false</IsFixedHeight><IsFixedWidth>false</IsFixedWidth><FixedHeight>0</FixedHeight><FixedWidth>0</FixedWidth><ContainerSize><Width>0</Width><Height>0</Height></ContainerSize><PreviousHostWidth>90</PreviousHostWidth><PreviousHostHeight>90</PreviousHostHeight><PreviousContainerHeight>90</PreviousContainerHeight><PreviousContainerWidth>90</PreviousContainerWidth><TargetAutoHide /><SplitPanelOffset>0</SplitPanelOffset><IsSwapped>false</IsSwapped><IsPinned>false</IsPinned><ShowPin>false</ShowPin><AllowPin>false</AllowPin></DockingParams><DockingParams><PreviousFloatingWindowRect>-193,729,271,711</PreviousFloatingWindowRect><FloatWindowState>Normal</FloatWindowState><ZorderInFloatMode>0</ZorderInFloatMode><TabOrderIndex>-1</TabOrderIndex><PreviousContainerDesiredSize><Width>0</Width><Height>0</Height></PreviousContainerDesiredSize><PreviousDesiredWidthInDockedMode>0</PreviousDesiredWidthInDockedMode><PreviousDesiredHeightInDockedMode>0</PreviousDesiredHeightInDockedMode><Name>LocKeyBrowserViewModel</Name><ShowTopmostMenuItem>false</ShowTopmostMenuItem><TopMost>false</TopMost><State>AutoHidden</State><NoHeader>false</NoHeader><SideDocked>Right</SideDocked><SideFloating>Left</SideFloating><TargetDocked /><TargetFloating /><DesiredWidthInDockedMode>271</DesiredWidthInDockedMode><DesiredHeightInDockedMode>90</DesiredHeightInDockedMode><DesiredWidthInFloatingMode>90</DesiredWidthInFloatingMode><DesiredHeightInFloatingMode>90</DesiredHeightInFloatingMode><NoDock>false</NoDock><CanDock>true</CanDock><CanClose>true</CanClose><IsSelectedTab>true</IsSelectedTab><IsActiveWindow>false</IsActiveWindow><CanSerialize>true</CanSerialize><WindowRect>-193,729,271,711</WindowRect><TabGroupName>35351551</TabGroupName><IsTabGroupOwner>true</IsTabGroupOwner><SideTabOrder>6144</SideTabOrder><IndexInDockMode>1</IndexInDockMode><IndexInFloatMode>12</IndexInFloatMode><TabOrderInDockMode>0</TabOrderInDockMode><TabOrderInFloatMode>0</TabOrderInFloatMode><MDIBounds>0,0,124,50</MDIBounds><TDIIndex>-1</TDIIndex><IsSelected>false</IsSelected><MDIMinimizedBounds>0,0,124,24</MDIMinimizedBounds><MDIWindowState>Normal</MDIWindowState><AllowMDIResize>true</AllowMDIResize><TDIGroupOrientation>Horizontal</TDIGroupOrientation><WayOfTDIGroup /><DockForSide>Right</DockForSide><PreviousIndexInDockMode>0</PreviousIndexInDockMode><PreviousSideInDockMode>Left</PreviousSideInDockMode><DoShift>false</DoShift><SideRelativetoContainer>Right</SideRelativetoContainer><TabParent /><DockWindowState>Normal</DockWindowState><CanMaximize>true</CanMaximize><CanMinimize>true</CanMinimize><CanResizeInDockedState>true</CanResizeInDockedState><CanResizeHeightInDockedState>true</CanResizeHeightInDockedState><CanResizeWidthInDockedState>true</CanResizeWidthInDockedState><CanResizeInFloatState>true</CanResizeInFloatState><CanResizeHeightInFloatState>true</CanResizeHeightInFloatState><CanResizeWidthInFloatState>true</CanResizeWidthInFloatState><CanFloatMaximize>false</CanFloatMaximize><CanMinimizeFloat>false</CanMinimizeFloat><IsFixedSize>false</IsFixedSize><IsFixedHeight>false</IsFixedHeight><IsFixedWidth>false</IsFixedWidth><FixedHeight>0</FixedHeight><FixedWidth>0</FixedWidth><ContainerSize><Width>0</Width><Height>0</Height></ContainerSize><PreviousHostWidth>90</PreviousHostWidth><PreviousHostHeight>90</PreviousHostHeight><PreviousContainerHeight>90</PreviousContainerHeight><PreviousContainerWidth>90</PreviousContainerWidth><TargetAutoHide /><SplitPanelOffset>0</SplitPanelOffset><IsSwapped>false</IsSwapped><IsPinned>false</IsPinned><ShowPin>false</ShowPin><AllowPin>false</AllowPin></DockingParams></ArrayOfDockingParams>